Language,Title,Short Description,Full Description
tr-TR,Sound'ST Boost - Volume++,"5 tema, ekolayzer ve bas güçlendirmeli güçlü ses yükseltici uygulama.","🎵 Sound'ST Boost - Mükemmel Ses İyileştirme Deneyimi

Play Store'daki en güzel ve güçlü ses yükseltici ile sesinizi dönüştürün! Sound'ST Boost, profesyonel ses efektlerini muhteşem görsel temalarla birleştirerek ses ayarlamayı keyifli bir deneyime dönüştürür.

✨ ANA ÖZELLİKLER

🔊 Profesyonel Ses Efektleri
• Ses Yükseltme: %200'e kadar güçlendirme
• 10 Bantlı Ekolayzer: Her frekansı hassas ayarlayın
• Bas Güçlendirme: Derin, zengin bas iyileştirmesi
• 3D Virtualizer: Sürükleyici surround ses efekti
• Gerçek Zamanlı Ses Görselleştirici

🎨 5 Muhteşem Görsel Tema
NEON DARK - Parlayan efektlerle fütüristik halkalar
OCEAN BLUE - Kabarcık animasyonları ile akan dalgalar
SUNSET ORANGE - Altıgen kristal tasarım
FOREST GREEN - Organik akan şekiller
ROYAL PURPLE - 3D piramit kristal efekti

🌍 10 Dil Desteği
Türkçe, İngilizce, Almanca, İspanyolca, Fransızca, Rusça, Çince, Japonca, Korece, Arapça

🎯 Akıllı ve Kullanımı Kolay
• Basit Hareketler: Yukarı/aşağı sürükleyin
• Çift Dokunma: Anında açıp kapatın
• Arka Plan Servisi: Ekran kapalıyken çalışır
• Otomatik Başlat: Cihaz açılışında başlar

🔒 GİZLİLİK ÖNCELİKLİ
✓ Veri toplama YOK
✓ İnternet gerekmiyor
✓ Reklam YOK
✓ Takip YOK
✓ %100 Açık Kaynak

💡 NASIL KULLANILIR
1. Boost'u Etkinleştir: Çift dokunun
2. Sesi Ayarla: Yukarı/aşağı sürükleyin (%60 - %200)
3. İnce Ayar: Ekolayzere erişin
4. Özelleştir: Favori temanızı seçin
5. Keyfini Çıkarın!

🎼 MÜKEMMEL ŞU DURUMLARDA
• Düşük ses seviyeli müzik kayıtları
• Sessiz filmler ve videolar
• Telefon görüşmeleri
• Oyunlar
• Podcast'ler ve sesli kitaplar

⚡ TEKNİK ÖZELLİKLER
• Kotlin & Jetpack Compose
• Material Design 3
• Gelişmiş DSP
• Pil Optimize
• Root Gerekmez

📱 SİSTEM GEREKSİNİMLERİ
• Android 7.0+ (API 24)
• ~15 MB depolama

🆓 TAMAMEN ÜCRETSİZ
Reklamsız, uygulama içi satın alma yok!

🛠️ AÇIK KAYNAK
github.com/1sthillman/soundboost

Sound'ST Boost'u şimdi indirin! 🎵✨"
en-US,Sound'ST Boost - Volume++,"Powerful audio booster with 5 stunning themes, equalizer & bass boost effects.","🎵 Sound'ST Boost - The Ultimate Audio Enhancement Experience

Transform your audio with the most beautiful and powerful volume booster on the Play Store! Sound'ST Boost combines professional-grade audio effects with stunning visual themes.

✨ KEY FEATURES

🔊 Professional Audio Effects
• Volume Boost: Up to 200% amplification
• 10-Band Equalizer: Fine-tune every frequency
• Bass Boost: Deep, rich bass enhancement
• 3D Virtualizer: Immersive surround sound
• Real-time Audio Visualizer

🎨 5 Stunning Visual Themes
NEON DARK - Futuristic rings with glowing effects
OCEAN BLUE - Flowing waves with bubble animations
SUNSET ORANGE - Hexagonal crystal design
FOREST GREEN - Organic flowing shapes
ROYAL PURPLE - 3D pyramid crystal effect

🌍 10 Languages Supported
Turkish, English, German, Spanish, French, Russian, Chinese, Japanese, Korean, Arabic

🎯 Smart & Easy to Use
• Simple Gestures: Drag up/down to adjust
• Double Tap: Toggle instantly
• Background Service: Works when screen off
• Auto-Start: Start on device boot
• Persistent Notification

🔒 PRIVACY FIRST
✓ NO data collection
✓ NO internet required
✓ NO ads
✓ NO tracking
✓ 100% Open Source

💡 HOW TO USE
1. Enable Boost: Double-tap center control
2. Adjust Volume: Drag up to increase, down to decrease (60% - 200%)
3. Fine-tune: Access equalizer
4. Customize: Choose your favorite theme
5. Enjoy crystal-clear, powerful sound!

🎼 PERFECT FOR
• Music with low volume recordings
• Movies or videos with quiet audio
• Phone calls
• Gaming with immersive sound
• Podcasts and audiobooks

⚡ TECHNICAL HIGHLIGHTS
• Kotlin & Jetpack Compose
• Material Design 3
• Advanced DSP
• Battery Optimized
• No Root Required

📱 SYSTEM REQUIREMENTS
• Android 7.0+ (API 24)
• ~15 MB storage

🆓 COMPLETELY FREE
100% free with no ads, no in-app purchases!

🛠️ OPEN SOURCE
github.com/1sthillman/soundboost

Download Sound'ST Boost now! 🎵✨"
de-DE,Sound'ST Boost - Volume++,"Leistungsstarker Audio-Booster mit 5 Themen, Equalizer & Bass-Boost.","🎵 Sound'ST Boost - Das ultimative Audio-Verbesserungserlebnis

Verwandeln Sie Ihren Sound mit dem schönsten und leistungsstärksten Lautstärkeverstärker im Play Store! Sound'ST Boost kombiniert professionelle Audioeffekte mit atemberaubenden visuellen Themen.

✨ HAUPTMERKMALE

🔊 Professionelle Audioeffekte
• Lautstärkeverstärkung: Bis zu 200% Verstärkung
• 10-Band-Equalizer: Jede Frequenz fein abstimmen
• Bass-Boost: Tiefe, satte Bass-Verbesserung
• 3D-Virtualizer: Immersiver Surround-Sound
• Echtzeit-Audio-Visualizer

🎨 5 Atemberaubende visuelle Themen
NEON DARK - Futuristische Ringe mit Leuchteffekten
OCEAN BLUE - Fließende Wellen mit Blasenanimationen
SUNSET ORANGE - Sechseckiges Kristalldesign
FOREST GREEN - Organische fließende Formen
ROYAL PURPLE - 3D-Pyramiden-Kristalleffekt

🌍 10 Sprachen unterstützt
Türkisch, Englisch, Deutsch, Spanisch, Französisch, Russisch, Chinesisch, Japanisch, Koreanisch, Arabisch

🎯 Intelligent und einfach zu bedienen
• Einfache Gesten: Nach oben/unten ziehen
• Doppeltippen: Sofort umschalten
• Hintergrunddienst: Funktioniert bei ausgeschaltetem Bildschirm
• Auto-Start: Beim Gerätestart starten

🔒 DATENSCHUTZ ZUERST
✓ KEINE Datenerfassung
✓ KEIN Internet erforderlich
✓ KEINE Werbung
✓ KEIN Tracking
✓ 100% Open Source

💡 SO VERWENDEN
1. Boost aktivieren: Doppeltippen
2. Lautstärke anpassen: Nach oben/unten ziehen (60% - 200%)
3. Feinabstimmung: Equalizer aufrufen
4. Anpassen: Ihr Lieblingsthema wählen
5. Genießen Sie kristallklaren, kraftvollen Sound!

🎼 PERFEKT FÜR
• Musik mit leisen Aufnahmen
• Filme oder Videos mit leisem Ton
• Telefongespräche
• Gaming mit immersivem Sound
• Podcasts und Hörbücher

📱 SYSTEMANFORDERUNGEN
• Android 7.0+ (API 24)
• ~15 MB Speicher

🆓 VÖLLIG KOSTENLOS
100% kostenlos ohne Werbung!

🛠️ OPEN SOURCE
github.com/1sthillman/soundboost

Laden Sie Sound'ST Boost jetzt herunter! 🎵✨"
es-ES,Sound'ST Boost - Volume++,"Amplificador de audio potente con 5 temas, ecualizador y refuerzo de bajos.","🎵 Sound'ST Boost - La experiencia definitiva de mejora de audio

¡Transforma tu audio con el amplificador de volumen más hermoso y potente de Play Store! Sound'ST Boost combina efectos de audio de grado profesional con impresionantes temas visuales.

✨ CARACTERÍSTICAS CLAVE

🔊 Efectos de audio profesionales
• Amplificación de volumen: Hasta 200% de amplificación
• Ecualizador de 10 bandas: Ajusta cada frecuencia
• Refuerzo de bajos: Mejora de bajos profunda y rica
• Virtualizador 3D: Sonido envolvente inmersivo
• Visualizador de audio en tiempo real

🎨 5 Temas visuales impresionantes
NEON DARK - Anillos futuristas con efectos brillantes
OCEAN BLUE - Olas fluidas con animaciones de burbujas
SUNSET ORANGE - Diseño de cristal hexagonal
FOREST GREEN - Formas orgánicas fluidas
ROYAL PURPLE - Efecto de cristal piramidal 3D

🌍 10 idiomas compatibles
Turco, Inglés, Alemán, Español, Francés, Ruso, Chino, Japonés, Coreano, Árabe

🎯 Inteligente y fácil de usar
• Gestos simples: Arrastra arriba/abajo
• Doble toque: Alternar instantáneamente
• Servicio en segundo plano: Funciona con pantalla apagada
• Inicio automático: Iniciar al encender el dispositivo

🔒 PRIVACIDAD PRIMERO
✓ NO recopilación de datos
✓ NO se requiere Internet
✓ NO anuncios
✓ NO seguimiento
✓ 100% código abierto

💡 CÓMO USAR
1. Activar Boost: Doble toque
2. Ajustar volumen: Arrastra arriba/abajo (60% - 200%)
3. Ajuste fino: Acceder al ecualizador
4. Personalizar: Elige tu tema favorito
5. ¡Disfruta de un sonido potente y cristalino!

🎼 PERFECTO PARA
• Música con grabaciones de bajo volumen
• Películas o videos con audio bajo
• Llamadas telefónicas
• Juegos con sonido inmersivo
• Podcasts y audiolibros

📱 REQUISITOS DEL SISTEMA
• Android 7.0+ (API 24)
• ~15 MB de almacenamiento

🆓 COMPLETAMENTE GRATIS
100% gratis sin anuncios!

🛠️ CÓDIGO ABIERTO
github.com/1sthillman/soundboost

¡Descarga Sound'ST Boost ahora! 🎵✨"
fr-FR,Sound'ST Boost - Volume++,"Amplificateur audio puissant avec 5 thèmes, égaliseur et boost de basses.","🎵 Sound'ST Boost - L'expérience ultime d'amélioration audio

Transformez votre audio avec l'amplificateur de volume le plus beau et le plus puissant du Play Store! Sound'ST Boost combine des effets audio de qualité professionnelle avec de superbes thèmes visuels.

✨ CARACTÉRISTIQUES PRINCIPALES

🔊 Effets audio professionnels
• Amplification du volume: Jusqu'à 200% d'amplification
• Égaliseur 10 bandes: Réglez finement chaque fréquence
• Boost de basses: Amélioration des basses profondes et riches
• Virtualiseur 3D: Son surround immersif
• Visualiseur audio en temps réel

🎨 5 Thèmes visuels époustouflants
NEON DARK - Anneaux futuristes avec effets lumineux
OCEAN BLUE - Vagues fluides avec animations de bulles
SUNSET ORANGE - Design cristal hexagonal
FOREST GREEN - Formes organiques fluides
ROYAL PURPLE - Effet cristal pyramide 3D

🌍 10 langues prises en charge
Turc, Anglais, Allemand, Espagnol, Français, Russe, Chinois, Japonais, Coréen, Arabe

🎯 Intelligent et facile à utiliser
• Gestes simples: Glissez vers le haut/bas
• Double tap: Basculer instantanément
• Service en arrière-plan: Fonctionne écran éteint
• Démarrage automatique: Démarrer au démarrage de l'appareil

🔒 CONFIDENTIALITÉ D'ABORD
✓ AUCUNE collecte de données
✓ AUCUN Internet requis
✓ AUCUNE publicité
✓ AUCUN suivi
✓ 100% Open Source

💡 COMMENT UTILISER
1. Activer Boost: Double tap
2. Ajuster le volume: Glissez vers le haut/bas (60% - 200%)
3. Affiner: Accéder à l'égaliseur
4. Personnaliser: Choisissez votre thème préféré
5. Profitez d'un son cristallin et puissant!

🎼 PARFAIT POUR
• Musique avec enregistrements à faible volume
• Films ou vidéos avec audio faible
• Appels téléphoniques
• Jeux avec son immersif
• Podcasts et livres audio

📱 CONFIGURATION REQUISE
• Android 7.0+ (API 24)
• ~15 MB de stockage

🆓 COMPLÈTEMENT GRATUIT
100% gratuit sans publicité!

🛠️ OPEN SOURCE
github.com/1sthillman/soundboost

Téléchargez Sound'ST Boost maintenant! 🎵✨"
ru-RU,Sound'ST Boost - Volume++,"Мощный усилитель звука с 5 темами, эквалайзером и усилением басов.","🎵 Sound'ST Boost - Непревзойденное улучшение звука

Преобразите свой звук с самым красивым и мощным усилителем громкости в Play Store! Sound'ST Boost сочетает профессиональные звуковые эффекты с потрясающими визуальными темами.

✨ КЛЮЧЕВЫЕ ОСОБЕННОСТИ

🔊 Профессиональные звуковые эффекты
• Усиление громкости: До 200% усиления
• 10-полосный эквалайзер: Точная настройка каждой частоты
• Усиление басов: Глубокое, насыщенное усиление басов
• 3D-виртуализатор: Иммерсивный объемный звук
• Визуализатор звука в реальном времени

🎨 5 Потрясающих визуальных тем
NEON DARK - Футуристические кольца со светящимися эффектами
OCEAN BLUE - Текучие волны с анимацией пузырей
SUNSET ORANGE - Шестиугольный кристальный дизайн
FOREST GREEN - Органические текучие формы
ROYAL PURPLE - 3D пирамидальный кристальный эффект

🌍 Поддержка 10 языков
Турецкий, Английский, Немецкий, Испанский, Французский, Русский, Китайский, Японский, Корейский, Арабский

🎯 Умный и простой в использовании
• Простые жесты: Перетащите вверх/вниз
• Двойное касание: Мгновенное переключение
• Фоновая служба: Работает при выключенном экране
• Автозапуск: Запуск при включении устройства

🔒 КОНФИДЕНЦИАЛЬНОСТЬ ПРЕЖДЕ ВСЕГО
✓ НЕТ сбора данных
✓ НЕТ необходимости в Интернете
✓ НЕТ рекламы
✓ НЕТ отслеживания
✓ 100% открытый исходный код

💡 КАК ИСПОЛЬЗОВАТЬ
1. Включить Boost: Двойное касание
2. Настроить громкость: Перетащите вверх/вниз (60% - 200%)
3. Точная настройка: Доступ к эквалайзеру
4. Настроить: Выберите любимую тему
5. Наслаждайтесь кристально чистым, мощным звуком!

🎼 ИДЕАЛЬНО ДЛЯ
• Музыки с тихими записями
• Фильмов или видео с тихим звуком
• Телефонных звонков
• Игр с иммерсивным звуком
• Подкастов и аудиокниг

📱 СИСТЕМНЫЕ ТРЕБОВАНИЯ
• Android 7.0+ (API 24)
• ~15 МБ памяти

🆓 ПОЛНОСТЬЮ БЕСПЛАТНО
100% бесплатно без рекламы!

🛠️ ОТКРЫТЫЙ ИСХОДНЫЙ КОД
github.com/1sthillman/soundboost

Скачайте Sound'ST Boost сейчас! 🎵✨"
zh-CN,Sound'ST Boost - Volume++,"强大的音频增强器，包含5个主题、均衡器和低音增强。","🎵 Sound'ST Boost - 终极音频增强体验

使用Play Store上最美观、最强大的音量增强器改变您的音频！Sound'ST Boost将专业级音频效果与令人惊叹的视觉主题相结合。

✨ 主要功能

🔊 专业音频效果
• 音量增强：高达200%的放大
• 10段均衡器：精细调整每个频率
• 低音增强：深沉、丰富的低音增强
• 3D虚拟化器：沉浸式环绕声
• 实时音频可视化器

🎨 5个令人惊叹的视觉主题
NEON DARK - 带发光效果的未来主义圆环
OCEAN BLUE - 带气泡动画的流动波浪
SUNSET ORANGE - 六边形水晶设计
FOREST GREEN - 有机流动形状
ROYAL PURPLE - 3D金字塔水晶效果

🌍 支持10种语言
土耳其语、英语、德语、西班牙语、法语、俄语、中文、日语、韩语、阿拉伯语

🎯 智能且易于使用
• 简单手势：上下拖动调整
• 双击：即时切换
• 后台服务：屏幕关闭时工作
• 自动启动：设备启动时启动

🔒 隐私优先
✓ 无数据收集
✓ 无需互联网
✓ 无广告
✓ 无跟踪
✓ 100%开源

💡 使用方法
1. 启用增强：双击
2. 调整音量：上下拖动（60% - 200%）
3. 微调：访问均衡器
4. 自定义：选择您最喜欢的主题
5. 享受清晰、强大的声音！

🎼 完美适用于
• 音量较低的音乐录音
• 音频较小的电影或视频
• 电话通话
• 沉浸式游戏音效
• 播客和有声读物

📱 系统要求
• Android 7.0+（API 24）
• ~15 MB存储空间

🆓 完全免费
100%免费，无广告！

🛠️ 开源
github.com/1sthillman/soundboost

立即下载Sound'ST Boost！🎵✨"
ja-JP,Sound'ST Boost - Volume++,"5つのテーマ、イコライザー、ベースブースト効果を備えた強力なオーディオブースター。","🎵 Sound'ST Boost - 究極のオーディオ強化体験

Play Storeで最も美しく強力なボリュームブースターでオーディオを変換しましょう！Sound'ST Boostは、プロフェッショナルグレードのオーディオエフェクトと見事なビジュアルテーマを組み合わせています。

✨ 主な機能

🔊 プロフェッショナルオーディオエフェクト
• ボリュームブースト：最大200%の増幅
• 10バンドイコライザー：すべての周波数を微調整
• ベースブースト：深く豊かなベース強化
• 3Dバーチャライザー：没入型サラウンドサウンド
• リアルタイムオーディオビジュアライザー

🎨 5つの見事なビジュアルテーマ
NEON DARK - 光る効果を持つ未来的なリング
OCEAN BLUE - バブルアニメーション付きの流れる波
SUNSET ORANGE - 六角形のクリスタルデザイン
FOREST GREEN - 有機的な流れる形
ROYAL PURPLE - 3Dピラミッドクリスタルエフェクト

🌍 10言語サポート
トルコ語、英語、ドイツ語、スペイン語、フランス語、ロシア語、中国語、日本語、韓国語、アラビア語

🎯 スマートで使いやすい
• シンプルなジェスチャー：上下にドラッグ
• ダブルタップ：即座に切り替え
• バックグラウンドサービス：画面オフ時も動作
• 自動起動：デバイス起動時に開始

🔒 プライバシー第一
✓ データ収集なし
✓ インターネット不要
✓ 広告なし
✓ トラッキングなし
✓ 100%オープンソース

💡 使用方法
1. ブーストを有効化：ダブルタップ
2. 音量を調整：上下にドラッグ（60% - 200%）
3. 微調整：イコライザーにアクセス
4. カスタマイズ：お気に入りのテーマを選択
5. クリアで力強いサウンドをお楽しみください！

🎼 最適な用途
• 音量の小さい音楽録音
• 音声の小さい映画やビデオ
• 電話通話
• 没入型サウンドのゲーム
• ポッドキャストとオーディオブック

📱 システム要件
• Android 7.0+（API 24）
• 〜15 MBのストレージ

🆓 完全無料
広告なしで100%無料！

🛠️ オープンソース
github.com/1sthillman/soundboost

今すぐSound'ST Boostをダウンロード！🎵✨"
ko-KR,Sound'ST Boost - Volume++,"5개 테마, 이퀄라이저 및 베이스 부스트 효과가 있는 강력한 오디오 부스터.","🎵 Sound'ST Boost - 궁극의 오디오 향상 경험

Play Store에서 가장 아름답고 강력한 볼륨 부스터로 오디오를 변환하세요! Sound'ST Boost는 전문가급 오디오 효과와 놀라운 비주얼 테마를 결합합니다.

✨ 주요 기능

🔊 전문 오디오 효과
• 볼륨 부스트: 최대 200% 증폭
• 10밴드 이퀄라이저: 모든 주파수를 미세 조정
• 베이스 부스트: 깊고 풍부한 베이스 향상
• 3D 가상화: 몰입형 서라운드 사운드
• 실시간 오디오 비주얼라이저

🎨 5가지 놀라운 비주얼 테마
NEON DARK - 빛나는 효과가 있는 미래형 링
OCEAN BLUE - 버블 애니메이션이 있는 흐르는 파도
SUNSET ORANGE - 육각형 크리스탈 디자인
FOREST GREEN - 유기적인 흐르는 형태
ROYAL PURPLE - 3D 피라미드 크리스탈 효과

🌍 10개 언어 지원
터키어, 영어, 독일어, 스페인어, 프랑스어, 러시아어, 중국어, 일본어, 한국어, 아랍어

🎯 스마트하고 사용하기 쉬움
• 간단한 제스처: 위/아래로 드래그
• 더블 탭: 즉시 전환
• 백그라운드 서비스: 화면 꺼짐 시 작동
• 자동 시작: 장치 부팅 시 시작

🔒 개인정보 보호 우선
✓ 데이터 수집 없음
✓ 인터넷 불필요
✓ 광고 없음
✓ 추적 없음
✓ 100% 오픈 소스

💡 사용 방법
1. 부스트 활성화: 더블 탭
2. 볼륨 조정: 위/아래로 드래그 (60% - 200%)
3. 미세 조정: 이퀄라이저 액세스
4. 사용자 정의: 좋아하는 테마 선택
5. 맑고 강력한 사운드를 즐기세요!

🎼 완벽한 용도
• 음량이 낮은 음악 녹음
• 오디오가 조용한 영화 또는 비디오
• 전화 통화
• 몰입형 사운드 게임
• 팟캐스트 및 오디오북

📱 시스템 요구 사항
• Android 7.0+ (API 24)
• ~15 MB 저장 공간

🆓 완전 무료
광고 없이 100% 무료!

🛠️ 오픈 소스
github.com/1sthillman/soundboost

지금 Sound'ST Boost를 다운로드하세요! 🎵✨"
ar-SA,Sound'ST Boost - Volume++,"معزز صوت قوي مع 5 مواضيع ومعادل وتعزيز الجهير.","🎵 Sound'ST Boost - التجربة النهائية لتحسين الصوت

حوّل صوتك باستخدام أجمل وأقوى معزز صوت في متجر Play! يجمع Sound'ST Boost بين التأثيرات الصوتية الاحترافية والمظاهر المرئية المذهلة.

✨ الميزات الرئيسية

🔊 تأثيرات صوتية احترافية
• تعزيز الصوت: تضخيم حتى 200%
• معادل 10 نطاقات: ضبط دقيق لكل تردد
• تعزيز الجهير: تحسين جهير عميق وغني
• مُحاكي 3D: صوت محيطي غامر
• مُصوِّر صوتي في الوقت الفعلي

🎨 5 مواضيع بصرية مذهلة
NEON DARK - حلقات مستقبلية مع تأثيرات متوهجة
OCEAN BLUE - أمواج متدفقة مع رسوم متحركة للفقاعات
SUNSET ORANGE - تصميم كريستال سداسي
FOREST GREEN - أشكال عضوية متدفقة
ROYAL PURPLE - تأثير كريستال هرمي ثلاثي الأبعاد

🌍 دعم 10 لغات
التركية، الإنجليزية، الألمانية، الإسبانية، الفرنسية، الروسية، الصينية، اليابانية، الكورية، العربية

🎯 ذكي وسهل الاستخدام
• إيماءات بسيطة: اسحب لأعلى/لأسفل
• نقرة مزدوجة: التبديل فورًا
• خدمة الخلفية: تعمل عند إيقاف تشغيل الشاشة
• بدء تلقائي: البدء عند تشغيل الجهاز

🔒 الخصوصية أولاً
✓ لا يوجد جمع بيانات
✓ لا يتطلب الإنترنت
✓ لا إعلانات
✓ لا تتبع
✓ 100٪ مفتوح المصدر

💡 كيفية الاستخدام
1. تمكين التعزيز: نقرة مزدوجة
2. ضبط الصوت: اسحب لأعلى/لأسفل (60٪ - 200٪)
3. الضبط الدقيق: الوصول إلى المعادل
4. التخصيص: اختر موضوعك المفضل
5. استمتع بصوت واضح وقوي!

🎼 مثالي لـ
• الموسيقى ذات التسجيلات المنخفضة الصوت
• الأفلام أو مقاطع الفيديو ذات الصوت الهادئ
• المكالمات الهاتفية
• الألعاب مع الصوت الغامر
• البودكاست والكتب الصوتية

📱 متطلبات النظام
• Android 7.0+ (API 24)
• ~15 ميجابايت تخزين

🆓 مجاني تمامًا
100٪ مجاني بدون إعلانات!

🛠️ مفتوح المصدر
github.com/1sthillman/soundboost

قم بتنزيل Sound'ST Boost الآن! 🎵✨"