"Language Code","App Title","Short Description (80 chars)","Full Description (4000 chars)"
"en-US","Sound'ST Boost","Volume booster 500% + 10-band EQ + call enhancer. No ads. Zero data collection.","🔊 PROFESSIONAL AUDIO ENHANCEMENT WITH COMPLETE PRIVACY

Sound'ST Boost is the most powerful and privacy-focused volume booster and equalizer for Android. Boost your volume up to 500%, enjoy crystal-clear audio with professional 10-band equalizer, and enhance call quality.

✅ ZERO DATA COLLECTION ✅ NO ADS ✅ FULLY OFFLINE ✅ OPEN SOURCE

🎚️ VOLUME BOOST (60%-500%)
• Ultra-powerful LoudnessEnhancer (+30dB)
• Real-time audio amplification for all apps
• Works with Bluetooth, wired headphones, speakers

🎛️ PROFESSIONAL 10-BAND EQUALIZER
• Parametric EQ (31Hz-16kHz)
• 30+ built-in presets (Rock, Pop, Jazz, etc.)
• Create unlimited custom presets
• ±15dB per band adjustment

📞 CALL ENHANCEMENT (NEW!)
• Boost caller's voice clarity
• Reduce background noise
• Auto gain control
• Works with WhatsApp, Zoom, Teams, Discord

🔒 PRIVACY GUARANTEE
✅ ZERO data collection ✅ NO internet access ✅ NO analytics ✅ Open source on GitHub

Download now and experience professional audio enhancement with complete privacy!"

"tr-TR","Sound'ST Boost","Ses yükseltici %500 + 10 bantlı EQ + arama iyileştirici. Reklamsız. Gizlilik.","🔊 TAM GİZLİLİK İLE PROFESYONEL SES İYİLEŞTİRME

Sound'ST Boost, Android için en güçlü ses yükseltici ve ekolayzerdır. Sesinizi %500'e kadar yükseltin, profesyonel 10 bantlı ekolayzer ile kristal berraklığında ses keyfini çıkarın.

✅ SIFIR VERİ TOPLAMA ✅ REKLAMSIZ ✅ TAM ÇEVRİMDIŞI ✅ AÇIK KAYNAK ✅ KVKK UYUMLU

🎚️ SES YÜKSELTME (%60-%500)
• Ultra güçlü ses amplifikatörü (+30dB)
• Tüm uygulamalar için gerçek zamanlı amplifikasyon
• Bluetooth, kablolu kulaklık, hoparlörlerle çalışır
• YouTube, Spotify, Netflix, BluTV, Exxen uyumlu

🎛️ PROFESYONEL 10 BANTLI EKOLAYZER
• Parametrik EQ (31Hz-16kHz)
• 30+ hazır ayar (Rock, Pop, Arabesk, Türk Sanat Müziği)
• Sınırsız özel ayar oluşturma
• Bant başı ±15dB ayarlama

📞 ARAMA İYİLEŞTİRME (YENİ!)
• Arayan kişinin sesini artırır
• Arka plan gürültüsünü azaltır
• Otomatik ses seviyesi
• WhatsApp, Zoom, Teams, Discord ile çalışır

🔒 GİZLİLİK GARANTİSİ
✅ SIFIR veri toplama ✅ İnternet ERİŞİMİ YOK ✅ KVKK uyumlu ✅ GitHub'da açık kaynak

Şimdi indirin ve tam gizlilik koruması ile profesyonel ses iyileştirmenin tadını çıkarın!"

"ar","Sound'ST Boost","معزز صوت 500% + معادل 10 نطاقات. بدون إعلانات. خصوصية كاملة.","🔊 تحسين صوتي احترافي مع خصوصية كاملة

Sound'ST Boost هو أقوى معزز صوت ومعادل يركز على الخصوصية لنظام Android. عزز صوتك حتى 500٪، استمتع بصوت نقي مع معادل احترافي 10 نطاقات.

✅ صفر جمع البيانات ✅ بدون إعلانات ✅ غير متصل بالكامل ✅ مفتوح المصدر

🎚️ تعزيز الصوت (60%-500%)
• LoudnessEnhancer قوي (+30dB)
• تضخيم صوتي فوري لجميع التطبيقات
• يعمل مع Bluetooth والسماعات السلكية

🎛️ معادل احترافي 10 نطاقات
• معادل بارامتري (31Hz-16kHz)
• أكثر من 30 إعدادًا مسبقًا
• إنشاء إعدادات مخصصة غير محدودة
• تعديل ±15dB لكل نطاق

📞 تحسين المكالمات (جديد!)
• تعزيز وضوح صوت المتصل
• تقليل ضوضاء الخلفية
• التحكم التلقائي
• يعمل مع WhatsApp و Zoom و Teams

🔒 ضمان الخصوصية
✅ صفر جمع البيانات ✅ لا يوجد وصول للإنترنت ✅ لا توجد تحليلات ✅ مفتوح المصدر

قم بالتنزيل الآن واستمتع بتحسين صوتي احترافي مع حماية خصوصية كاملة!"

"de-DE","Sound'ST Boost","Lautstärkeverstärker 500% + 10-Band EQ. Werbefrei. Datenschutz.","🔊 PROFESSIONELLE AUDIOVERBESSERUNG MIT DATENSCHUTZ

Sound'ST Boost ist der leistungsstärkste Lautstärkeverstärker und Equalizer für Android. Verstärken Sie Ihre Lautstärke bis zu 500%, genießen Sie kristallklaren Sound mit 10-Band-Equalizer.

✅ NULL DATENERFASSUNG ✅ KEINE WERBUNG ✅ VOLLSTÄNDIG OFFLINE ✅ OPEN SOURCE

🎚️ LAUTSTÄRKEVERSTÄRKUNG (60%-500%)
• Ultra-leistungsstarker LoudnessEnhancer (+30dB)
• Echtzeit-Audioverstärkung für alle Apps
• Funktioniert mit Bluetooth, Kopfhörern, Lautsprechern

🎛️ PROFESSIONELLER 10-BAND-EQUALIZER
• Parametrischer EQ (31Hz-16kHz)
• 30+ eingebaute Voreinstellungen
• Unbegrenzte benutzerdefinierte Voreinstellungen
• ±15dB Einstellung pro Band

📞 ANRUFVERBESSERUNG (NEU!)
• Verstärkt Stimmklarheit des Anrufers
• Reduziert Hintergrundgeräusche
• Automatische Verstärkung
• Funktioniert mit WhatsApp, Zoom, Teams

🔒 DATENSCHUTZGARANTIE
✅ NULL Datenerfassung ✅ KEIN Internetzugriff ✅ GDPR konform ✅ Open Source

Laden Sie jetzt herunter und erleben Sie professionelle Audioverbesserung mit Datenschutz!"

"es-ES","Sound'ST Boost","Amplificador de volumen 500% + EQ 10 bandas. Sin anuncios. Privacidad.","🔊 MEJORA DE AUDIO PROFESIONAL CON PRIVACIDAD

Sound'ST Boost es el amplificador de volumen y ecualizador más potente para Android. Aumenta tu volumen hasta 500%, disfruta de audio cristalino con ecualizador profesional de 10 bandas.

✅ CERO RECOPILACIÓN DE DATOS ✅ SIN ANUNCIOS ✅ COMPLETAMENTE OFFLINE ✅ CÓDIGO ABIERTO

🎚️ AMPLIFICACIÓN DE VOLUMEN (60%-500%)
• LoudnessEnhancer ultra potente (+30dB)
• Amplificación de audio en tiempo real
• Funciona con Bluetooth, auriculares, altavoces

🎛️ ECUALIZADOR PROFESIONAL 10 BANDAS
• EQ paramétrico (31Hz-16kHz)
• Más de 30 ajustes preestablecidos
• Crea ajustes personalizados ilimitados
• Ajuste de ±15dB por banda

📞 MEJORA DE LLAMADAS (¡NUEVO!)
• Aumenta la claridad de voz
• Reduce el ruido de fondo
• Control automático de ganancia
• Funciona con WhatsApp, Zoom, Teams

🔒 GARANTÍA DE PRIVACIDAD
✅ CERO recopilación de datos ✅ SIN acceso a internet ✅ GDPR compatible ✅ Código abierto

¡Descarga ahora y experimenta mejora de audio profesional con privacidad completa!"

"fr-FR","Sound'ST Boost","Amplificateur de volume 500% + EQ 10 bandes. Sans pub. Confidentialité.","🔊 AMÉLIORATION AUDIO PROFESSIONNELLE AVEC CONFIDENTIALITÉ

Sound'ST Boost est l'amplificateur de volume et l'égaliseur le plus puissant pour Android. Amplifiez votre volume jusqu'à 500%, profitez d'un son cristallin avec un égaliseur professionnel 10 bandes.

✅ ZÉRO COLLECTE DE DONNÉES ✅ SANS PUB ✅ ENTIÈREMENT HORS LIGNE ✅ OPEN SOURCE

🎚️ AMPLIFICATION DU VOLUME (60%-500%)
• LoudnessEnhancer ultra-puissant (+30dB)
• Amplification audio en temps réel
• Fonctionne avec Bluetooth, écouteurs, haut-parleurs

🎛️ ÉGALISEUR PROFESSIONNEL 10 BANDES
• EQ paramétrique (31Hz-16kHz)
• Plus de 30 préréglages
• Créez des préréglages personnalisés illimités
• Ajustement de ±15dB par bande

📞 AMÉLIORATION DES APPELS (NOUVEAU!)
• Améliore la clarté vocale
• Réduit le bruit de fond
• Contrôle automatique du gain
• Fonctionne avec WhatsApp, Zoom, Teams

🔒 GARANTIE DE CONFIDENTIALITÉ
✅ ZÉRO collecte de données ✅ SANS accès Internet ✅ GDPR conforme ✅ Open source

Téléchargez maintenant et vivez une amélioration audio professionnelle avec confidentialité!"

"ja-JP","Sound'ST Boost","音量ブースター500% + 10バンドEQ。広告なし。完全プライバシー。","🔊 完全なプライバシーを備えたプロフェッショナルオーディオ強化

Sound'ST Boostは、Android向けの最も強力でプライバシー重視の音量ブースター＆イコライザーです。音量を最大500%まで上げ、プロフェッショナルな10バンドイコライザーでクリスタルクリアなサウンドを楽しめます。

✅ データ収集ゼロ ✅ 広告なし ✅ 完全オフライン ✅ オープンソース

🎚️ 音量ブースト (60%-500%)
• 超強力なLoudnessEnhancer (+30dB)
• すべてのアプリでリアルタイムオーディオ増幅
• Bluetooth、有線ヘッドフォン、スピーカーで動作

🎛️ プロフェッショナル10バンドイコライザー
• パラメトリックEQ (31Hz-16kHz)
• 30以上の組み込みプリセット
• 無制限のカスタムプリセット作成
• バンドごとに±15dB調整

📞 通話強化（新機能!）
• 発信者の音声の明瞭度を向上
• 背景ノイズを削減
• 自動ゲイン制御
• WhatsApp、Zoom、Teamsで動作

🔒 プライバシー保証
✅ データ収集ゼロ ✅ インターネットアクセスなし ✅ オープンソース

今すぐダウンロードして、完全なプライバシー保護を備えたプロフェッショナルオーディオ強化を体験してください!"

"ko-KR","Sound'ST Boost","볼륨 부스터 500% + 10밴드 EQ。광고 없음。완전한 개인정보 보호。","🔊 완전한 개인정보 보호를 갖춘 전문 오디오 향상

Sound'ST Boost는 Android용 가장 강력하고 개인정보 보호에 초점을 맞춘 볼륨 부스터 및 이퀄라이저입니다. 볼륨을 최대 500%까지 높이고, 전문 10밴드 이퀄라이저로 크리스탈 클리어한 사운드를 즐기세요.

✅ 데이터 수집 제로 ✅ 광고 없음 ✅ 완전 오프라인 ✅ 오픈 소스

🎚️ 볼륨 부스트 (60%-500%)
• 초강력 LoudnessEnhancer (+30dB)
• 모든 앱에 대한 실시간 오디오 증폭
• Bluetooth, 유선 헤드폰, 스피커와 작동

🎛️ 전문 10밴드 이퀄라이저
• 파라메트릭 EQ (31Hz-16kHz)
• 30개 이상의 내장 프리셋
• 무제한 커스텀 프리셋 생성
• 밴드당 ±15dB 조정

📞 통화 향상（신기능!）
• 발신자 음성 선명도 향상
• 배경 소음 감소
• 자동 게인 제어
• WhatsApp, Zoom, Teams와 작동

🔒 개인정보 보호 보장
✅ 데이터 수집 제로 ✅ 인터넷 액세스 없음 ✅ 오픈 소스

지금 다운로드하여 완전한 개인정보 보호와 함께 전문 오디오 향상을 경험하세요!"

"ru-RU","Sound'ST Boost","Усилитель громкости 500% + 10-полосный EQ。Без рекламы。Приватность。","🔊 ПРОФЕССИОНАЛЬНОЕ УЛУЧШЕНИЕ АУДИО С КОНФИДЕНЦИАЛЬНОСТЬЮ

Sound'ST Boost - самый мощный усилитель громкости и эквалайзер для Android. Увеличьте громкость до 500%, наслаждайтесь кристально чистым звуком с профессиональным 10-полосным эквалайзером.

✅ НУЛЕВОЙ СБОР ДАННЫХ ✅ БЕЗ РЕКЛАМЫ ✅ ПОЛНОСТЬЮ ОФФЛАЙН ✅ ОТКРЫТЫЙ КОД

🎚️ УСИЛЕНИЕ ГРОМКОСТИ (60%-500%)
• Ультрамощный LoudnessEnhancer (+30dB)
• Усиление аудио в реальном времени
• Работает с Bluetooth, проводными наушниками, динамиками

🎛️ ПРОФЕССИОНАЛЬНЫЙ 10-ПОЛОСНЫЙ ЭКВАЛАЙЗЕР
• Параметрический EQ (31Hz-16kHz)
• 30+ встроенных пресетов
• Создание неограниченного количества пользовательских пресетов
• Настройка ±15dB на полосу

📞 УЛУЧШЕНИЕ ЗВОНКОВ (НОВОЕ!)
• Повышает четкость голоса звонящего
• Уменьшает фоновый шум
• Автоматическое усиление
• Работает с WhatsApp, Zoom, Teams

🔒 ГАРАНТИЯ КОНФИДЕНЦИАЛЬНОСТИ
✅ НУЛЕВОЙ сбор данных ✅ НЕТ доступа к интернету ✅ Открытый код

Скачайте сейчас и испытайте профессиональное улучшение аудио с конфиденциальностью!"

"zh-CN","Sound'ST Boost","音量增强器500% + 10段EQ。无广告。完全隐私保护。","🔊 完全隐私保护的专业音频增强

Sound'ST Boost是Android上最强大且注重隐私的音量增强器和均衡器。将音量提升至500%，使用专业10段均衡器享受水晶般清晰的声音。

✅ 零数据收集 ✅ 无广告 ✅ 完全离线 ✅ 开源

🎚️ 音量增强 (60%-500%)
• 超强大的LoudnessEnhancer (+30dB)
• 所有应用的实时音频放大
• 适用于蓝牙、有线耳机、扬声器

🎛️ 专业10段均衡器
• 参数化EQ (31Hz-16kHz)
• 30多个内置预设
• 创建无限自定义预设
• 每段±15dB调整

📞 通话增强（新功能！）
• 提升呼叫者的语音清晰度
• 减少背景噪音
• 自动增益控制
• 适用于WhatsApp、Zoom、Teams

🔒 隐私保证
✅ 零数据收集 ✅ 无互联网访问 ✅ 开源

立即下载，体验完全隐私保护的专业音频增强!"
